model,accuracy,precision,recall,f1,roc_auc
SVM_best,0.9411214953271028,0.9485559566787004,0.9383928571428571,0.9434470377019749,0.9844310224089636
LR_best,0.9392523364485982,0.9475587703435805,0.9357142857142857,0.9415992812219227,0.9839907212885154
LightGBM,0.9271028037383178,0.9373865698729582,0.9223214285714286,0.9297929792979298,0.9805112044817927
XGBoost_best,0.9163551401869159,0.9344413665743305,0.9035714285714286,0.9187471629596006,0.9753125
