Modèle,Accuracy,F1-Score,Précision,Rappel,Temps (s)
SVM (LinearSVC),0.9420560747663551,0.9420560747663551,0.9420560747663551,0.9420560747663551,0.04178762435913086
Logistic Regression,0.9411214953271028,0.9411287605187941,0.9411508435176263,0.9411214953271028,0.03808307647705078
Random Forest,0.9018691588785047,0.9019007885774998,0.9045831809166427,0.9018691588785047,0.9134986400604248
XGBoost,0.9074766355140187,0.9075251405543783,0.9090004702286487,0.9074766355140187,30.995517253875732
